title,title,content
edv Mitterberg (edv Liebenau),edv Mitterberg (edv Liebenau),The name is edv Mitterberg (edv Liebenau)which is a Computer service in the city of Gersdorf
EP:Heiger,EP:Heiger,The name is EP:Heigerwhich is a Electronics store in the city of Irdning
Stadler e.U.,Stadler e.U.,The name is Stadler e.U.which is a Clock watch maker in the city of Schladming
RINGHOFER Energiesysteme GmbH,RINGHOFER Energiesysteme GmbH,The name is RINGHOFER Energiesysteme GmbHwhich is a HVAC contractor in the city of Schladming
Evelins Geschenke - Wohndeko - Rucherwerk,Evelins Geschenke - Wohndeko - Rucherwerk,The name is Evelins Geschenke - Wohndeko - Rucherwerkwhich is a Gift shop in the city of Liezen
Autohaus Pfleger,Autohaus Pfleger,The name is Autohaus Pflegerwhich is a Car dealer in the city of Haus im Ennstal
Gi-Tech Ing. Karl Grill,Gi-Tech Ing. Karl Grill,The name is Gi-Tech Ing. Karl Grillwhich is a Electrician in the city of Bad Mitterndorf
Schachner Energietechnik GmbH,Schachner Energietechnik GmbH,The name is Schachner Energietechnik GmbHwhich is a HVAC contractor in the city of Schladming
"Frschl Computer, Handy, Foto","Frschl Computer, Handy, Foto","The name is Frschl Computer, Handy, Fotowhich is a Photo shop in the city of Liezen"
Nhzentrum Liezen Inh Michael Hrtel,Nhzentrum Liezen Inh Michael Hrtel,The name is Nhzentrum Liezen Inh Michael Hrtelwhich is a Sewing shop in the city of Liezen
Laimer Landmaschinen Reparatur & Service,Laimer Landmaschinen Reparatur & Service,The name is Laimer Landmaschinen Reparatur & Servicewhich is a Farm equipment supplier in the city of Lichtersberg
Werner Hdl,Werner Hdl,The name is Werner Hdlwhich is a Computer store in the city of Grundlsee
Knaus Hans-Hermann Ing - Landmaschinentechnik,Knaus Hans-Hermann Ing - Landmaschinentechnik,The name is Knaus Hans-Hermann Ing - Landmaschinentechnikwhich is a Farm equipment supplier in the city of Ramsau am Dachstein
Mobile partner MCI Liezen,Mobile partner MCI Liezen,The name is Mobile partner MCI Liezenwhich is a Cell phone store in the city of Liezen
Handy-Klinik Wildling by i-Repair,Handy-Klinik Wildling by i-Repair,The name is Handy-Klinik Wildling by i-Repairwhich is a Mobile phone repair shop in the city of Liezen
KFZ-Werkstatt Cornea & Arhire OG,KFZ-Werkstatt Cornea & Arhire OG,The name is KFZ-Werkstatt Cornea & Arhire OGwhich is a Auto repair shop in the city of Schladming
MostWanted Grbming,MostWanted Grbming,The name is MostWanted Grbmingwhich is a Cell phone store in the city of Grbming
CMOOS EDV-SERVICE Christian Moosmair,CMOOS EDV-SERVICE Christian Moosmair,The name is CMOOS EDV-SERVICE Christian Moosmairwhich is a Computer service in the city of Bad Aussee
i-Repair,i-Repair,The name is i-Repairwhich is a Mobile phone repair shop in the city of Liezen
Ing. Schlager Gmbh & Co. Kg,Ing. Schlager Gmbh & Co. Kg,The name is Ing. Schlager Gmbh & Co. Kgwhich is a Truck repair shop in the city of Mandling
MostWanted Bad Aussee - Andreas Bichler GmbH,MostWanted Bad Aussee - Andreas Bichler GmbH,The name is MostWanted Bad Aussee - Andreas Bichler GmbHwhich is a Cell phone store in the city of Bad Aussee
Firma Josef Gell dasAuto.at,Firma Josef Gell dasAuto.at,The name is Firma Josef Gell dasAuto.atwhich is a Auto parts store in the city of Schladming
MS-Autoteile Servicestation,MS-Autoteile Servicestation,The name is MS-Autoteile Servicestationwhich is a Auto parts store in the city of Aich
Ennstal IT,Ennstal IT,The name is Ennstal ITwhich is a Computer support and services in the city of Schladming
Pc-ennstal,Pc-ennstal,The name is Pc-ennstalwhich is a Computer service in the city of Aich
Marcels Technik Reparatur,Marcels Technik Reparatur,The name is Marcels Technik Reparaturwhich is a Information services in the city of blarn
"DoS-IT, Dominik Stocker IT Dienstleistungen","DoS-IT, Dominik Stocker IT Dienstleistungen","The name is DoS-IT, Dominik Stocker IT Dienstleistungenwhich is a Computer consultant in the city of Ramsau am Dachstein"
"Heiger-TV Elektrotechnik, Verkauf, Reparatur,","Heiger-TV Elektrotechnik, Verkauf, Reparatur,","The name is Heiger-TV Elektrotechnik, Verkauf, Reparatur,which is a Electrical supply store in the city of "
Handy Software Reparatur Service,Handy Software Reparatur Service,The name is Handy Software Reparatur Servicewhich is a Repair service in the city of blarn
PC Freund,PC Freund,The name is PC Freundwhich is a Computer support and services in the city of Schladming
Comaktiv GmbH,Comaktiv GmbH,The name is Comaktiv GmbHwhich is a Computer store in the city of Schladming
Computer GmbH Raffalt,Computer GmbH Raffalt,The name is Computer GmbH Raffaltwhich is a Computer store in the city of Schladming
RED ZAC Werner Herz,RED ZAC Werner Herz,The name is RED ZAC Werner Herzwhich is a Electronics store in the city of Schladming
Simonlehner & Maunz GesmbH,Simonlehner & Maunz GesmbH,The name is Simonlehner & Maunz GesmbHwhich is a Electrical engineer in the city of Schladming
MB Hausgerte Service,MB Hausgerte Service,The name is MB Hausgerte Servicewhich is a Electrical repair shop in the city of Bad Mitterndorf
"Energietechnik Seebacher, DI Christian Seebacher","Energietechnik Seebacher, DI Christian Seebacher","The name is Energietechnik Seebacher, DI Christian Seebacherwhich is a Electrical engineer in the city of Grbming"
Service 24 Notdienst GmbH,Service 24 Notdienst GmbH,The name is Service 24 Notdienst GmbHwhich is a Call center in the city of Altaussee
KFZ-Zweirad G.Kohl,KFZ-Zweirad G.Kohl,The name is KFZ-Zweirad G.Kohlwhich is a Car repair and maintenance service in the city of Fischerndorf
KFZ-Werksttte Suzuki und Autoreparatur aller Marken,KFZ-Werksttte Suzuki und Autoreparatur aller Marken,The name is KFZ-Werksttte Suzuki und Autoreparatur aller Markenwhich is a Auto repair shop in the city of Bad Mitterndorf
Elektro-Lemmerer,Elektro-Lemmerer,The name is Elektro-Lemmererwhich is a Electrician in the city of Bad Mitterndorf
Andreas Mayer,Andreas Mayer,The name is Andreas Mayerwhich is a Musical instrument store in the city of Bad Aussee
Alfred Bruggraber,Alfred Bruggraber,The name is Alfred Bruggraberwhich is a Repair service in the city of Bad Aussee
Reinhard Daxner,Reinhard Daxner,The name is Reinhard Daxnerwhich is a Auto repair shop in the city of Bad Aussee
"Schwarz, Wagendorffer & Co","Schwarz, Wagendorffer & Co","The name is Schwarz, Wagendorffer & Cowhich is a Electrical supply store in the city of Bad Aussee"
PSS-Soft,PSS-Soft,The name is PSS-Softwhich is a Computer repair service in the city of Altaussee
TV-Technik Moser,TV-Technik Moser,The name is TV-Technik Moserwhich is a  in the city of Krakauhintermhlen
Hightek-Klinik Inh Claus Fabian,Hightek-Klinik Inh Claus Fabian,The name is Hightek-Klinik Inh Claus Fabianwhich is a Computer repair service in the city of Neumarkt in Steiermark
Edv-stadlober,Edv-stadlober,The name is Edv-stadloberwhich is a Computer service in the city of Murau
Fahrwerk Service,Fahrwerk Service,The name is Fahrwerk Servicewhich is a Motorcycle repair shop in the city of Predlitz-Turrach
HandyShop Murau,HandyShop Murau,The name is HandyShop Murauwhich is a Cell phone store in the city of Murau
Murauer Stadtwerke GmbH,Murauer Stadtwerke GmbH,The name is Murauer Stadtwerke GmbHwhich is a Electric utility company in the city of Murau
Landforst Lagerhaus Reifen & Energie,Landforst Lagerhaus Reifen & Energie,The name is Landforst Lagerhaus Reifen & Energiewhich is a Tire shop in the city of Murau
Nhmaschinen & Musikhaus Hrtel,Nhmaschinen & Musikhaus Hrtel,The name is Nhmaschinen & Musikhaus Hrtelwhich is a Musical instrument store in the city of Liezen
Grimming Gwand,Grimming Gwand,The name is Grimming Gwandwhich is a Clothing store in the city of Bad Mitterndorf
SPORT Scherz,SPORT Scherz,The name is SPORT Scherzwhich is a Sporting goods store in the city of Wrschach
Malerei Pichler | Meisterbetrieb,Malerei Pichler | Meisterbetrieb,The name is Malerei Pichler | Meisterbetriebwhich is a Painter in the city of Bad Mitterndorf
Autohaus Nemetz,Autohaus Nemetz,The name is Autohaus Nemetzwhich is a Car dealer in the city of Bad Mitterndorf
W & S Uhrenvertriebsges.mbH,W & S Uhrenvertriebsges.mbH,The name is W & S Uhrenvertriebsges.mbHwhich is a Watch store in the city of Sankt Marein bei Neumarkt
Autohaus Horst Prodinger,Autohaus Horst Prodinger,The name is Autohaus Horst Prodingerwhich is a Car dealer in the city of Predlitz
Installateur Meisterbetrieb MST Haustechnik GmbH,Installateur Meisterbetrieb MST Haustechnik GmbH,The name is Installateur Meisterbetrieb MST Haustechnik GmbHwhich is a Plumber in the city of Neumarkt in der Steiermark
Sport SULI - SPORT 2000,Sport SULI - SPORT 2000,The name is Sport SULI - SPORT 2000which is a Sporting goods store in the city of St. Lorenzen ob Murau
Griedl GmbH & Co KG,Griedl GmbH & Co KG,The name is Griedl GmbH & Co KGwhich is a Plumber in the city of Neumarkt in der Steiermark
Autohaus Danis,Autohaus Danis,The name is Autohaus Daniswhich is a Auto repair shop in the city of Weienbach bei Liezen
Pensold GmbH,Pensold GmbH,The name is Pensold GmbHwhich is a Window supplier in the city of Liezen
Gassner Heinz Sanitr + Energietechnik,Gassner Heinz Sanitr + Energietechnik,The name is Gassner Heinz Sanitr + Energietechnikwhich is a Plumber in the city of Dllach
Ringdorfer Automatisierungs GesmbH,Ringdorfer Automatisierungs GesmbH,The name is Ringdorfer Automatisierungs GesmbHwhich is a Automation company in the city of Liezen
HTS - Jrgen Schierl,HTS - Jrgen Schierl,The name is HTS - Jrgen Schierlwhich is a Plumber in the city of Liezen
Whirlpool Austria GmbH,Whirlpool Austria GmbH,The name is Whirlpool Austria GmbHwhich is a Wholesaler in the city of Zeltweg
INTERSPORT Pintar,INTERSPORT Pintar,The name is INTERSPORT Pintarwhich is a Sporting goods store in the city of Murau
H. Sapper GmbH & Co KG.,H. Sapper GmbH & Co KG.,The name is H. Sapper GmbH & Co KG.which is a Toyota dealer in the city of Niederwlz
Wohnmobil- und Wohnwagenstellplatz,Wohnmobil- und Wohnwagenstellplatz,The name is Wohnmobil- und Wohnwagenstellplatzwhich is a Mobile home park in the city of 
Auto Huber GmbH,Auto Huber GmbH,The name is Auto Huber GmbHwhich is a Car dealer in the city of Gaishorn am See
car akustik Neumarkt,car akustik Neumarkt,The name is car akustik Neumarktwhich is a Car stereo store in the city of Neumarkt in der Steiermark
Car Shop Kniewasser GmbH,Car Shop Kniewasser GmbH,The name is Car Shop Kniewasser GmbHwhich is a Auto parts store in the city of Liezen
Red Zac Matlschweiger,Red Zac Matlschweiger,The name is Red Zac Matlschweigerwhich is a Electrician in the city of Rottenmann
FLIEGFIX Outzeit GmbH,FLIEGFIX Outzeit GmbH,The name is FLIEGFIX Outzeit GmbHwhich is a Outdoor sports store in the city of Falkenburg
Schupfer Schuhe,Schupfer Schuhe,The name is Schupfer Schuhewhich is a Shoe store in the city of Liezen
ERsatzteil & Oldtimer Handels GmbH,ERsatzteil & Oldtimer Handels GmbH,The name is ERsatzteil & Oldtimer Handels GmbHwhich is a Auto parts store in the city of Stainach
Elektromann,Elektromann,The name is Elektromannwhich is a Electrician in the city of Liezen
HUEMER REIFEN,HUEMER REIFEN,The name is HUEMER REIFENwhich is a Tire shop in the city of Liezen
Baumann GesmbH - Peugeot,Baumann GesmbH - Peugeot,The name is Baumann GesmbH - Peugeotwhich is a Peugeot dealer in the city of Stainach
ORGANIZE IT! e. U. / Ing. Martin Langbrugger,ORGANIZE IT! e. U. / Ing. Martin Langbrugger,The name is ORGANIZE IT! e. U. / Ing. Martin Langbruggerwhich is a Computer consultant in the city of Liezen
Reifen Weichberger,Reifen Weichberger,The name is Reifen Weichbergerwhich is a Tire shop in the city of Deutschlandsberg
GGL Gastrotechnik Haustechnik Kltetechnik Lorbeck GmbH.,GGL Gastrotechnik Haustechnik Kltetechnik Lorbeck GmbH.,The name is GGL Gastrotechnik Haustechnik Kltetechnik Lorbeck GmbH.which is a Kitchen remodeler in the city of Aigen im Ennstal
KFZ-Kopper,KFZ-Kopper,The name is KFZ-Kopperwhich is a Auto repair shop in the city of Liezen
Elektrotechnik GEROLD,Elektrotechnik GEROLD,The name is Elektrotechnik GEROLDwhich is a Electrical supply store in the city of Sankt Peter am Kammersberg
Autoglas-Fachbetrieb Hubner,Autoglas-Fachbetrieb Hubner,The name is Autoglas-Fachbetrieb Hubnerwhich is a Auto glass shop in the city of Liezen
Walter Pachernegg Haustechnik GmbH,Walter Pachernegg Haustechnik GmbH,The name is Walter Pachernegg Haustechnik GmbHwhich is a Plumber in the city of Irdning
Esser LKW,Esser LKW,The name is Esser LKWwhich is a Truck dealer in the city of St. Egidi
EM Mbel GmbH,EM Mbel GmbH,The name is EM Mbel GmbHwhich is a Cabinet maker in the city of Stadl an der Mur
ND CAR PERFORMANCE,ND CAR PERFORMANCE,The name is ND CAR PERFORMANCEwhich is a Auto parts store in the city of Lind bei Scheifling
CD1,CD1,The name is CD1which is a Electronics store in the city of Liezen
K&K KFZ- TECHNIK KARNER,K&K KFZ- TECHNIK KARNER,The name is K&K KFZ- TECHNIK KARNERwhich is a Auto tune up service in the city of Bad Mitterndorf
Schachner & Zamberger GmbH,Schachner & Zamberger GmbH,The name is Schachner & Zamberger GmbHwhich is a Car repair and maintenance service in the city of Aigen im Ennstal
KFZ Lutzmann,KFZ Lutzmann,The name is KFZ Lutzmannwhich is a Auto repair shop in the city of 
RL Elektrotechnik GmbH,RL Elektrotechnik GmbH,The name is RL Elektrotechnik GmbHwhich is a Electrician in the city of Liezen
Karl Feiel GmbH,Karl Feiel GmbH,The name is Karl Feiel GmbHwhich is a Plumber in the city of Murau
Elektrotechnik Huber,Elektrotechnik Huber,The name is Elektrotechnik Huberwhich is a Electrician in the city of Maitschern
KST Krantechnik GmbH,KST Krantechnik GmbH,The name is KST Krantechnik GmbHwhich is a Crane service in the city of Grundlsee
ZANDL Karosserie & Lackierzentrum,ZANDL Karosserie & Lackierzentrum,The name is ZANDL Karosserie & Lackierzentrumwhich is a Car repair and maintenance service in the city of Weienbach bei Liezen
Schuhberger GesmbH,Schuhberger GesmbH,The name is Schuhberger GesmbHwhich is a Car dealer in the city of Murau
Green IT GmbH,Green IT GmbH,The name is Green IT GmbHwhich is a Computer support and services in the city of Neumarkt in der Steiermark
MostWanted - Andreas Bichler GmbH,MostWanted - Andreas Bichler GmbH,The name is MostWanted - Andreas Bichler GmbHwhich is a Electrical supply store in the city of Liezen
Eichmann Landtechnik,Eichmann Landtechnik,The name is Eichmann Landtechnikwhich is a Farm equipment supplier in the city of Oberwlz Stadt
Glawischnig Peter Kommunikationselektronik,Glawischnig Peter Kommunikationselektronik,The name is Glawischnig Peter Kommunikationselektronikwhich is a  in the city of Schder
HTV Energie & Technik GmbH,HTV Energie & Technik GmbH,The name is HTV Energie & Technik GmbHwhich is a HVAC contractor in the city of Teufenbach
KFZ Technik Mayer,KFZ Technik Mayer,The name is KFZ Technik Mayerwhich is a Auto repair shop in the city of Wrschach
Expert Oberbichler,Expert Oberbichler,The name is Expert Oberbichlerwhich is a Electrical supply store in the city of Liezen
epcom it-systeme GmbH,epcom it-systeme GmbH,The name is epcom it-systeme GmbHwhich is a Computer consultant in the city of Liezen
Radldoktor,Radldoktor,The name is Radldoktorwhich is a Bicycle repair shop in the city of Murau
MCI HandyKlinik | Liezen,MCI HandyKlinik | Liezen,The name is MCI HandyKlinik | Liezenwhich is a Mobile phone repair shop in the city of Liezen
Fritz GmbH & Co KG,Fritz GmbH & Co KG,The name is Fritz GmbH & Co KGwhich is a Metal construction company in the city of Aigen im Ennstal
VISTA USED PARTS GmbH,VISTA USED PARTS GmbH,The name is VISTA USED PARTS GmbHwhich is a Import export company in the city of Stainach
Landforst Lagerhaus Technikcenter,Landforst Lagerhaus Technikcenter,The name is Landforst Lagerhaus Technikcenterwhich is a Farm equipment supplier in the city of Murau
Mazda Fellner,Mazda Fellner,The name is Mazda Fellnerwhich is a Auto repair shop in the city of Teufenbach
Funktechnik Markus GmbH (Funk Austria),Funktechnik Markus GmbH (Funk Austria),The name is Funktechnik Markus GmbH (Funk Austria)which is a Telecommunications contractor in the city of Murau
Berthold Reler,Berthold Reler,The name is Berthold Relerwhich is a  in the city of Triebendorf
Spindelbck GmbH,Spindelbck GmbH,The name is Spindelbck GmbHwhich is a Farm equipment supplier in the city of St. Egidi
Handyshop,Handyshop,The name is Handyshopwhich is a Equipment supplier in the city of Murau
Organize-IT,Organize-IT,The name is Organize-ITwhich is a Computer service in the city of Liezen
Heilmayer GmbH,Heilmayer GmbH,The name is Heilmayer GmbHwhich is a Car repair and maintenance service in the city of Stadl an der Mur
Reifenhaus Plankenauer - Murau,Reifenhaus Plankenauer - Murau,The name is Reifenhaus Plankenauer - Murauwhich is a Tire shop in the city of Murau
Akkuflix,Akkuflix,The name is Akkuflixwhich is a Repair service in the city of Katsch an der Mur
Schneider-Haustechnik Gmbh,Schneider-Haustechnik Gmbh,The name is Schneider-Haustechnik Gmbhwhich is a Plumber in the city of Murau
Gruber Schlmmer Susi Pauline nderungsschneiderei,Gruber Schlmmer Susi Pauline nderungsschneiderei,The name is Gruber Schlmmer Susi Pauline nderungsschneidereiwhich is a Personal repair service in the city of Bad Mitterndorf
KFZ | RSR | Klaus Hainzl,KFZ | RSR | Klaus Hainzl,The name is KFZ | RSR | Klaus Hainzlwhich is a Car repair and maintenance service in the city of Untergrimming
Lackierzentrum Andreas Schild,Lackierzentrum Andreas Schild,The name is Lackierzentrum Andreas Schildwhich is a Car repair and maintenance service in the city of Bad Mitterndorf
Elektrotechnik Franz Haberl,Elektrotechnik Franz Haberl,The name is Elektrotechnik Franz Haberlwhich is a Electrician in the city of Irdning
Kfz Weisl,Kfz Weisl,The name is Kfz Weislwhich is a Auto repair shop in the city of Donnersbach
KFZ Technik Schrding,KFZ Technik Schrding,The name is KFZ Technik Schrdingwhich is a Car inspection station in the city of Aigen im Ennstal
re.use - electro Liezen,re.use - electro Liezen,The name is re.use - electro Liezenwhich is a Electrical repair shop in the city of Liezen
KFZ Technik Strohmeier Gottfried,KFZ Technik Strohmeier Gottfried,The name is KFZ Technik Strohmeier Gottfriedwhich is a Car repair and maintenance service in the city of Irdning
ArenaHandyshop,ArenaHandyshop,The name is ArenaHandyshopwhich is a Phone repair service in the city of Fohnsdorf
Handyshop knittelfeld,Handyshop knittelfeld,The name is Handyshop knittelfeldwhich is a Cell phone store in the city of Knittelfeld
Nhzentrum Luchscheider,Nhzentrum Luchscheider,The name is Nhzentrum Luchscheiderwhich is a Sewing machine store in the city of Fohnsdorf
Espresso Line,Espresso Line,The name is Espresso Linewhich is a Home goods store in the city of Trofaiach
Reparatur Verleih Reiter - Josef Reiter e.U.,Reparatur Verleih Reiter - Josef Reiter e.U.,The name is Reparatur Verleih Reiter - Josef Reiter e.U.which is a Building materials supplier in the city of Knittelfeld
Schein GesmbH - Elektrowaren,Schein GesmbH - Elektrowaren,The name is Schein GesmbH - Elektrowarenwhich is a Appliance store in the city of Judenburg
ICTE GmbH,ICTE GmbH,The name is ICTE GmbHwhich is a Computer service in the city of Judenburg
Elektro Labler,Elektro Labler,The name is Elektro Lablerwhich is a Electrical supply store in the city of Leoben
Gallers Garage,Gallers Garage,The name is Gallers Garagewhich is a Auto repair shop in the city of Niederwlz
Horst Reiter,Horst Reiter,The name is Horst Reiterwhich is a Computer repair service in the city of Leoben
Majer Computer & Software Handelsgesellschaft m.b.H.,Majer Computer & Software Handelsgesellschaft m.b.H.,The name is Majer Computer & Software Handelsgesellschaft m.b.H.which is a Computer store in the city of Zeltweg
Geekswelt - Ihr Handy Experte,Geekswelt - Ihr Handy Experte,The name is Geekswelt - Ihr Handy Expertewhich is a Mobile phone repair shop in the city of Leoben
KFZ Berger,KFZ Berger,The name is KFZ Bergerwhich is a Auto repair shop in the city of Neumarkt in der Steiermark
"EDV Pfingstl Computer, Beratung, Reparatur & Service","EDV Pfingstl Computer, Beratung, Reparatur & Service","The name is EDV Pfingstl Computer, Beratung, Reparatur & Servicewhich is a Computer store in the city of Leoben"
Handyworld Fohnsdorf,Handyworld Fohnsdorf,The name is Handyworld Fohnsdorfwhich is a Electrical supply store in the city of Fohnsdorf
Euro Office Center,Euro Office Center,The name is Euro Office Centerwhich is a Computer repair service in the city of Judenburg
Motor Junkies - Reparatur & Service e.U.,Motor Junkies - Reparatur & Service e.U.,The name is Motor Junkies - Reparatur & Service e.U.which is a Car repair and maintenance service in the city of Knittelfeld
Hannes Wieser,Hannes Wieser,The name is Hannes Wieserwhich is a Auto repair shop in the city of Unzmarkt-Frauenburg
EDV Service Bauer,EDV Service Bauer,The name is EDV Service Bauerwhich is a Computer service in the city of Judenburg
Ernst Oberreiter,Ernst Oberreiter,The name is Ernst Oberreiterwhich is a Auto repair shop in the city of Unzmarkt-Frauenburg
Galler Kfz Technik,Galler Kfz Technik,The name is Galler Kfz Technikwhich is a Corporate office in the city of Niederwlz
Maier Arno,Maier Arno,The name is Maier Arnowhich is a Electric motor repair shop in the city of Neumarkt in der Steiermark
Fritz Cinibulk,Fritz Cinibulk,The name is Fritz Cinibulkwhich is a Auto repair shop in the city of Scheifling
Fix Your Controller,Fix Your Controller,The name is Fix Your Controllerwhich is a Repair service in the city of Scheifling
Shortys Garage,Shortys Garage,The name is Shortys Garagewhich is a Car repair and maintenance service in the city of Liezen
KFZ Thanner,KFZ Thanner,The name is KFZ Thannerwhich is a Car repair and maintenance service in the city of Stein
HELITECHNIC Leutner KG,HELITECHNIC Leutner KG,The name is HELITECHNIC Leutner KGwhich is a Aircraft maintenance company in the city of Liezen
KFZ Kogler,KFZ Kogler,The name is KFZ Koglerwhich is a Auto body shop in the city of Sankt Oswald-Mderbrugg
Farnleitner Meisterbetrieb KFZ-Werksttte,Farnleitner Meisterbetrieb KFZ-Werksttte,The name is Farnleitner Meisterbetrieb KFZ-Werkstttewhich is a Car repair and maintenance service in the city of Strechau
Gnter Grill KG..KFZ- und Industriebedarf.Arbeitsschutz.Werkzeug.Zweirad.KFZ.Werkstatt,Gnter Grill KG..KFZ- und Industriebedarf.Arbeitsschutz.Werkzeug.Zweirad.KFZ.Werkstatt,The name is Gnter Grill KG..KFZ- und Industriebedarf.Arbeitsschutz.Werkzeug.Zweirad.KFZ.Werkstattwhich is a Auto parts store in the city of Kapfenberg
Werner Eibegger Karosseriefachbetrieb,Werner Eibegger Karosseriefachbetrieb,The name is Werner Eibegger Karosseriefachbetriebwhich is a Auto body shop in the city of Sankt Peter ob Judenburg
Bergsport Vasold,Bergsport Vasold,The name is Bergsport Vasoldwhich is a Sporting goods store in the city of Liezen
O. G. Hlzl,O. G. Hlzl,The name is O. G. Hlzlwhich is a  in the city of Sankt Oswald-Mderbrugg
HELLA Sonnen- und Wetterschutztechnik GmbH,HELLA Sonnen- und Wetterschutztechnik GmbH,The name is HELLA Sonnen- und Wetterschutztechnik GmbHwhich is a Manufacturer in the city of Judenburg
AMTC establishments company M.B.H.,AMTC establishments company M.B.H.,The name is AMTC establishments company M.B.H.which is a Motoring club in the city of Liezen
Walter Reiter Installationsunternehmen,Walter Reiter Installationsunternehmen,The name is Walter Reiter Installationsunternehmenwhich is a Plumber in the city of Sankt Georgen ob Judenburg
KFZ Werkstatt Forst,KFZ Werkstatt Forst,The name is KFZ Werkstatt Forstwhich is a Auto repair shop in the city of Pls
Martin Schaden IT-Solutions (SIT),Martin Schaden IT-Solutions (SIT),The name is Martin Schaden IT-Solutions (SIT)which is a Computer consultant in the city of Feldbach
Abm Safety Technologies Gmbh,Abm Safety Technologies Gmbh,The name is Abm Safety Technologies Gmbhwhich is a  in the city of Ardning
Mayer - Ford,Mayer - Ford,The name is Mayer - Fordwhich is a Car dealer in the city of Liezen
Josko Studio Liezen,Josko Studio Liezen,The name is Josko Studio Liezenwhich is a Window supplier in the city of Liezen
Automobile Knauss GmbH,Automobile Knauss GmbH,The name is Automobile Knauss GmbHwhich is a Car dealer in the city of Liezen
A1 Shop,A1 Shop,The name is A1 Shopwhich is a Telecommunications contractor in the city of Liezen
Vanilla Live Games Softwareentwicklungs-GmbH,Vanilla Live Games Softwareentwicklungs-GmbH,The name is Vanilla Live Games Softwareentwicklungs-GmbHwhich is a Game store in the city of Liezen
Pappas Steiermark GmbH,Pappas Steiermark GmbH,The name is Pappas Steiermark GmbHwhich is a Car dealer in the city of Liezen
LET'S DOIT Liezen,LET'S DOIT Liezen,The name is LET'S DOIT Liezenwhich is a Tool store in the city of Liezen
McSHARK - Apple Premium Reseller & Reparaturservice,McSHARK - Apple Premium Reseller & Reparaturservice,The name is McSHARK - Apple Premium Reseller & Reparaturservicewhich is a Computer store in the city of Graz
KFZ-Technik Franz Kogler,KFZ-Technik Franz Kogler,The name is KFZ-Technik Franz Koglerwhich is a Car repair and maintenance service in the city of Mhlen
Creativ Goldschmiede GmbH,Creativ Goldschmiede GmbH,The name is Creativ Goldschmiede GmbHwhich is a Jeweler in the city of Liezen
MediaMarkt Liezen ELI,MediaMarkt Liezen ELI,The name is MediaMarkt Liezen ELIwhich is a Electrical supply store in the city of Liezen
Fenster-Tren- Sonnenschutz Strimitzer,Fenster-Tren- Sonnenschutz Strimitzer,The name is Fenster-Tren- Sonnenschutz Strimitzerwhich is a Window installation service in the city of Lassing
KFZ Kettner,KFZ Kettner,The name is KFZ Kettnerwhich is a Car repair and maintenance service in the city of Lassing
Karl Mitter,Karl Mitter,The name is Karl Mitterwhich is a  in the city of Rottenmann
Parker Store,Parker Store,The name is Parker Storewhich is a  in the city of Liezen
KFZ Technik - Pollheimer,KFZ Technik - Pollheimer,The name is KFZ Technik - Pollheimerwhich is a Car repair and maintenance service in the city of Rottenmann
Telefonbox Plattner A1 Preferred Partner,Telefonbox Plattner A1 Preferred Partner,The name is Telefonbox Plattner A1 Preferred Partnerwhich is a Telecommunications service provider in the city of Knittelfeld
Tamara Koller e.U. - Meisterbetrieb fr Gitarrenbau,Tamara Koller e.U. - Meisterbetrieb fr Gitarrenbau,The name is Tamara Koller e.U. - Meisterbetrieb fr Gitarrenbauwhich is a Musical instrument repair shop in the city of Zeltweg
Fenster[VISION]Toblier,Fenster[VISION]Toblier,The name is Fenster[VISION]Toblierwhich is a Window supplier in the city of Knittelfeld
Sport & Service 4 You,Sport & Service 4 You,The name is Sport & Service 4 Youwhich is a Bicycle Shop in the city of Zeltweg
RED ZAC Pauritsch,RED ZAC Pauritsch,The name is RED ZAC Pauritschwhich is a Electrical supply store in the city of Zeltweg
Elektro Peschel GmbH,Elektro Peschel GmbH,The name is Elektro Peschel GmbHwhich is a Store in the city of Obdach
Autoteile Pernthaler,Autoteile Pernthaler,The name is Autoteile Pernthalerwhich is a Auto parts store in the city of Judenburg
Autohaus Neubauer,Autohaus Neubauer,The name is Autohaus Neubauerwhich is a Car dealer in the city of Judenburg
Ing. Richard Kuppek,Ing. Richard Kuppek,The name is Ing. Richard Kuppekwhich is a Plumber in the city of Fohnsdorf
Automaten Berger,Automaten Berger,The name is Automaten Bergerwhich is a Dart supply store in the city of Zeltweg
Diadoro Partner Eder-Ausim E.u.,Diadoro Partner Eder-Ausim E.u.,The name is Diadoro Partner Eder-Ausim E.u.which is a Jeweler in the city of Zeltweg
Elektro Thum Ohg,Elektro Thum Ohg,The name is Elektro Thum Ohgwhich is a Electrical supply store in the city of Knittelfeld
HS-Elektronik,HS-Elektronik,The name is HS-Elektronikwhich is a Electronics store in the city of Fohnsdorf
Renault Judenburg - Vogl+Co,Renault Judenburg - Vogl+Co,The name is Renault Judenburg - Vogl+Cowhich is a Renault dealer in the city of Fohnsdorf
Radwerkstatt Bernd Willibald,Radwerkstatt Bernd Willibald,The name is Radwerkstatt Bernd Willibaldwhich is a Bicycle Shop in the city of Knittelfeld
SITZMANN Uhrmacher & Juwelier,SITZMANN Uhrmacher & Juwelier,The name is SITZMANN Uhrmacher & Juwelierwhich is a Jeweler in the city of Neumarkt in der Steiermark
Jk Automobile Gmbh,Jk Automobile Gmbh,The name is Jk Automobile Gmbhwhich is a Car dealer in the city of Judenburg
Reifenhaus Plankenauer - Fohnsdorf,Reifenhaus Plankenauer - Fohnsdorf,The name is Reifenhaus Plankenauer - Fohnsdorfwhich is a Tire shop in the city of Fohnsdorf
BP Pletz GmbH,BP Pletz GmbH,The name is BP Pletz GmbHwhich is a Car repair and maintenance service in the city of Knittelfeld
Computer Support Steiner GmbH,Computer Support Steiner GmbH,The name is Computer Support Steiner GmbHwhich is a Computer service in the city of Knittelfeld
Auto Hartleb,Auto Hartleb,The name is Auto Hartlebwhich is a Car repair and maintenance service in the city of Zeltweg
Expert Winter,Expert Winter,The name is Expert Winterwhich is a Electrical supply store in the city of Knittelfeld
MURTAL.IT - IT-Technik & Support - Michael Lorberau,MURTAL.IT - IT-Technik & Support - Michael Lorberau,The name is MURTAL.IT - IT-Technik & Support - Michael Lorberauwhich is a Computer consultant in the city of Knittelfeld
Knig GesmbH,Knig GesmbH,The name is Knig GesmbHwhich is a Computer support and services in the city of Spielberg
puma-it.systems | Mario Putz,puma-it.systems | Mario Putz,The name is puma-it.systems | Mario Putzwhich is a Computer repair service in the city of Obdach
schrunner computer,schrunner computer,The name is schrunner computerwhich is a Computer service in the city of Fohnsdorf
Computer- & Handyshop Tschabitzer,Computer- & Handyshop Tschabitzer,The name is Computer- & Handyshop Tschabitzerwhich is a Cell phone store in the city of Zeltweg
MT Multimedia Shop,MT Multimedia Shop,The name is MT Multimedia Shopwhich is a Cell phone store in the city of Knittelfeld
E-Werk & Kabel-TV Neuper GmbH,E-Werk & Kabel-TV Neuper GmbH,The name is E-Werk & Kabel-TV Neuper GmbHwhich is a  in the city of Sankt Oswald-Mderbrugg
EGS - ELEKTRO-GERTE-SERVICE,EGS - ELEKTRO-GERTE-SERVICE,The name is EGS - ELEKTRO-GERTE-SERVICEwhich is a Appliance repair service in the city of Spielberg
Holler Handyshop,Holler Handyshop,The name is Holler Handyshopwhich is a Telecommunications service provider in the city of Neumarkt in der Steiermark
wm Sport Manfred Wlfler,wm Sport Manfred Wlfler,The name is wm Sport Manfred Wlflerwhich is a Bicycle Shop in the city of Trieben
ALP-Performance GmbH,ALP-Performance GmbH,The name is ALP-Performance GmbHwhich is a Car repair and maintenance service in the city of Selzthal
Johann Ebner,Johann Ebner,The name is Johann Ebnerwhich is a Farm equipment repair service in the city of Trieben
Ing. Werner Kittl,Ing. Werner Kittl,The name is Ing. Werner Kittlwhich is a Auto repair shop in the city of Gaishorn am See
EDV Lapp Ltd.,EDV Lapp Ltd.,The name is EDV Lapp Ltd.which is a Computer store in the city of Trieben
COMPUTER ZIMMERMANN,COMPUTER ZIMMERMANN,The name is COMPUTER ZIMMERMANNwhich is a Computer support and services in the city of Trieben
Ing. Ehrenfried Stuhlpfarrer,Ing. Ehrenfried Stuhlpfarrer,The name is Ing. Ehrenfried Stuhlpfarrerwhich is a  in the city of Judenburg
AM Automotive,AM Automotive,The name is AM Automotivewhich is a Metal finisher in the city of Judenburg
MEDA-TECH,MEDA-TECH,The name is MEDA-TECHwhich is a Electrical supply store in the city of Spielberg
Hydraulik-Stahlbau REFKO GmbH,Hydraulik-Stahlbau REFKO GmbH,The name is Hydraulik-Stahlbau REFKO GmbHwhich is a Hydraulic repair service in the city of Seckau
ESKO Elektromaschinenbau GmbH,ESKO Elektromaschinenbau GmbH,The name is ESKO Elektromaschinenbau GmbHwhich is a Mechanical engineer in the city of Fohnsdorf
Autohaus Kienzl GmbH,Autohaus Kienzl GmbH,The name is Autohaus Kienzl GmbHwhich is a Car dealer in the city of Judenburg
Elektro Hrl GesmbH & Co KG,Elektro Hrl GesmbH & Co KG,The name is Elektro Hrl GesmbH & Co KGwhich is a Electrical installation service in the city of Fohnsdorf
Elektro Ofner,Elektro Ofner,The name is Elektro Ofnerwhich is a Electrical installation service in the city of Judenburg
Spindelbck GesmbH,Spindelbck GesmbH,The name is Spindelbck GesmbHwhich is a Lawn mower store in the city of Knittelfeld
Itsign,Itsign,The name is Itsignwhich is a Computer store in the city of Graz
Neuper GmbH,Neuper GmbH,The name is Neuper GmbHwhich is a Car dealer in the city of Judenburg
Gnther Scherzer,Gnther Scherzer,The name is Gnther Scherzerwhich is a  in the city of Judenburg
CNC Technik Stckelberger Gmbh,CNC Technik Stckelberger Gmbh,The name is CNC Technik Stckelberger Gmbhwhich is a Machine workshop in the city of Judenburg
Walter Tranninger,Walter Tranninger,The name is Walter Tranningerwhich is a  in the city of Judenburg
KFZ-Schaffer-Lindner-Temnitzer-OG,KFZ-Schaffer-Lindner-Temnitzer-OG,The name is KFZ-Schaffer-Lindner-Temnitzer-OGwhich is a Auto repair shop in the city of Fohnsdorf
Lozej Karosserie GmbH,Lozej Karosserie GmbH,The name is Lozej Karosserie GmbHwhich is a Auto body shop in the city of Fohnsdorf
Refeld e.U.,Refeld e.U.,The name is Refeld e.U.which is a Computer store in the city of Knittelfeld
"KFZ Technik GRUBER, Styria-Race-Tec","KFZ Technik GRUBER, Styria-Race-Tec","The name is KFZ Technik GRUBER, Styria-Race-Tecwhich is a Auto repair shop in the city of Eisenerz"
BMT-Haberl,BMT-Haberl,The name is BMT-Haberlwhich is a Repair service in the city of Gaishorn am See
Norbert Drobesch,Norbert Drobesch,The name is Norbert Drobeschwhich is a  in the city of Spielberg
Alfred Forstner,Alfred Forstner,The name is Alfred Forstnerwhich is a  in the city of Weikirchen in der Steiermark
WESTCOM KG,WESTCOM KG,The name is WESTCOM KGwhich is a Cell phone store in the city of Kflach
Computer System-Haus,Computer System-Haus,The name is Computer System-Hauswhich is a Computer store in the city of Rosental an der Kainach
Auto Zehentmayer KFZ KG,Auto Zehentmayer KFZ KG,The name is Auto Zehentmayer KFZ KGwhich is a Auto repair shop in the city of Kalwang
Expert Baudendistel,Expert Baudendistel,The name is Expert Baudendistelwhich is a Electrical supply store in the city of Kflach
Handy X,Handy X,The name is Handy Xwhich is a Cell phone store in the city of Leoben
SmartFile GmbH,SmartFile GmbH,The name is SmartFile GmbHwhich is a Computer service in the city of St. Michael in der Obersteiermark
Auto Neumann,Auto Neumann,The name is Auto Neumannwhich is a Used car dealer in the city of Eisenerz
Carglass Leoben,Carglass Leoben,The name is Carglass Leobenwhich is a Auto glass shop in the city of Leoben
Eos Tore,Eos Tore,The name is Eos Torewhich is a Store in the city of Sankt Peter-Freienstein
SCHEDINA GmbH,SCHEDINA GmbH,The name is SCHEDINA GmbHwhich is a Computer store in the city of Deutschlandsberg
Rle-Motoshop Motocross und Enduro Zubehr,Rle-Motoshop Motocross und Enduro Zubehr,The name is Rle-Motoshop Motocross und Enduro Zubehrwhich is a Motorcycle parts store in the city of Traidersberg
Werner Illmaier,Werner Illmaier,The name is Werner Illmaierwhich is a Bicycle Shop in the city of Leoben
Brosysteme Pachner e.U.,Brosysteme Pachner e.U.,The name is Brosysteme Pachner e.U.which is a Printer repair service in the city of Leoben
ATP Grill GmbH - KFZ-Ersatzteilbedarf | Werkzeug | Zweirad | KFZ Werksttte,ATP Grill GmbH - KFZ-Ersatzteilbedarf | Werkzeug | Zweirad | KFZ Werksttte,The name is ATP Grill GmbH - KFZ-Ersatzteilbedarf | Werkzeug | Zweirad | KFZ Werkstttewhich is a Auto parts store in the city of Leoben
Hartlauer,Hartlauer,The name is Hartlauerwhich is a Electrical supply store in the city of Trofaiach
Insta-Tech - Installateur | Gas Wasser Heizung,Insta-Tech - Installateur | Gas Wasser Heizung,The name is Insta-Tech - Installateur | Gas Wasser Heizungwhich is a Plumber in the city of Trofaiach
EP:Marinitsch,EP:Marinitsch,The name is EP:Marinitschwhich is a Electrical supply store in the city of St. Michael in der Obersteiermark
Herbert Saiger,Herbert Saiger,The name is Herbert Saigerwhich is a Plumber in the city of St.Michael i.Oberstmk.
Forstinger Mobilittsfachmarkt & Fachwerkstatt Leoben/Waasen,Forstinger Mobilittsfachmarkt & Fachwerkstatt Leoben/Waasen,The name is Forstinger Mobilittsfachmarkt & Fachwerkstatt Leoben/Waasenwhich is a Auto repair shop in the city of Leoben
leConnect Schatz GmbH,leConnect Schatz GmbH,The name is leConnect Schatz GmbHwhich is a Cell phone store in the city of Leoben
HandyShop Leoben,HandyShop Leoben,The name is HandyShop Leobenwhich is a Cell phone store in the city of Leoben
Handy Man Voitsberg,Handy Man Voitsberg,The name is Handy Man Voitsbergwhich is a Cell phone store in the city of Voitsberg
Hans Wechselberger,Hans Wechselberger,The name is Hans Wechselbergerwhich is a Blacksmith in the city of Altendorf
Aigner EDV (Wolfgang Aigner),Aigner EDV (Wolfgang Aigner),The name is Aigner EDV (Wolfgang Aigner)which is a Computer service in the city of St. Michael in der Obersteiermark
Johann Nebel EDV-Dienstleistungen,Johann Nebel EDV-Dienstleistungen,The name is Johann Nebel EDV-Dienstleistungenwhich is a Computer consultant in the city of St.Michael /Oberstmk
EDV-Service Lengger,EDV-Service Lengger,The name is EDV-Service Lenggerwhich is a Computer service in the city of Trofaiach
Auto Top,Auto Top,The name is Auto Topwhich is a Car repair and maintenance service in the city of Zeltweg
U-Robots,U-Robots,The name is U-Robotswhich is a Lawn mower repair service in the city of Weikirchen in der Steiermark
EDV-Service DI Erwin Pischler: Computer - Reparatur in Voitsberg,EDV-Service DI Erwin Pischler: Computer - Reparatur in Voitsberg,The name is EDV-Service DI Erwin Pischler: Computer - Reparatur in Voitsbergwhich is a Computer consultant in the city of Voitsberg
KFZ HEBEIN,KFZ HEBEIN,The name is KFZ HEBEINwhich is a Auto repair shop in the city of Eppenstein
DANDLER e.U.,DANDLER e.U.,The name is DANDLER e.U.which is a Auto parts store in the city of Altenmarkt bei Sankt Gallen
Autohaus Winter OHG,Autohaus Winter OHG,The name is Autohaus Winter OHGwhich is a Auto repair shop in the city of Landl
Sulzbacher GmbH,Sulzbacher GmbH,The name is Sulzbacher GmbHwhich is a Plumber in the city of Landl
Karl Lngauer - Karl Cars,Karl Lngauer - Karl Cars,The name is Karl Lngauer - Karl Carswhich is a Car repair and maintenance service in the city of Eisenerz
K & G - Autoservice GmbH,K & G - Autoservice GmbH,The name is K & G - Autoservice GmbHwhich is a Car repair and maintenance service in the city of Leoben
Roborasen,Roborasen,The name is Roborasenwhich is a Lawn mower store in the city of Gaal
Angelsport  Goldschmiede - Elke Rabensteiner,Angelsport  Goldschmiede - Elke Rabensteiner,The name is Angelsport  Goldschmiede - Elke Rabensteinerwhich is a Jewelry store in the city of Spielberg
Vogl + Co Knittelfeld,Vogl + Co Knittelfeld,The name is Vogl + Co Knittelfeldwhich is a Car dealer in the city of Knittelfeld
Installationsunternehmen Richard Kvatschek Junior,Installationsunternehmen Richard Kvatschek Junior,The name is Installationsunternehmen Richard Kvatschek Juniorwhich is a Plumber in the city of Sankt Katharein an der Laming
Expert Elektrojet,Expert Elektrojet,The name is Expert Elektrojetwhich is a Electrical supply store in the city of Anger
Skardelly ENGINEERING GMBH,Skardelly ENGINEERING GMBH,The name is Skardelly ENGINEERING GMBHwhich is a Engineer in the city of Fohnsdorf
Maier Motors - Werkstatt,Maier Motors - Werkstatt,The name is Maier Motors - Werkstattwhich is a Auto repair shop in the city of Brnbach
Fassaden Innenputz AKTIV Putz GmbH,Fassaden Innenputz AKTIV Putz GmbH,The name is Fassaden Innenputz AKTIV Putz GmbHwhich is a Construction company in the city of Spielberg
Mandler Hermann / Mandler`s Bike & Run Klinik,Mandler Hermann / Mandler`s Bike & Run Klinik,The name is Mandler Hermann / Mandler`s Bike & Run Klinikwhich is a Bicycle Shop in the city of Trofaiach
Scherbel Installationen,Scherbel Installationen,The name is Scherbel Installationenwhich is a Plumber in the city of Trofaiach
MediaMarkt Leoben City Shopping,MediaMarkt Leoben City Shopping,The name is MediaMarkt Leoben City Shoppingwhich is a Electrical supply store in the city of Leoben
Lausecker Schlssel & Geschenke,Lausecker Schlssel & Geschenke,The name is Lausecker Schlssel & Geschenkewhich is a Locksmith in the city of Leoben
Autohaus Josef Schatz GmbH,Autohaus Josef Schatz GmbH,The name is Autohaus Josef Schatz GmbHwhich is a Auto repair shop in the city of Spielberg
Radhaus Murtal,Radhaus Murtal,The name is Radhaus Murtalwhich is a Bicycle Shop in the city of Knittelfeld
Haziraj in Knittelfeld,Haziraj in Knittelfeld,The name is Haziraj in Knittelfeldwhich is a Tile contractor in the city of Knittelfeld
Sport Gruber,Sport Gruber,The name is Sport Gruberwhich is a Sporting goods store in the city of Sankt Lorenzen bei Knittelfeld
KTM Walzer Flagshipstore Spielberg,KTM Walzer Flagshipstore Spielberg,The name is KTM Walzer Flagshipstore Spielbergwhich is a Motorcycle dealer in the city of Spielberg
IWINJAK Stoffe & Nhzubehr Inh. Sabine Iwinjak,IWINJAK Stoffe & Nhzubehr Inh. Sabine Iwinjak,The name is IWINJAK Stoffe & Nhzubehr Inh. Sabine Iwinjakwhich is a Sewing shop in the city of Knittelfeld
Kutlea e.U.,Kutlea e.U.,The name is Kutlea e.U.which is a Store in the city of Leoben
Bikecare,Bikecare,The name is Bikecarewhich is a Bicycle repair shop in the city of Sankt Stefan ob Leoben
Thonhauser GmbH,Thonhauser GmbH,The name is Thonhauser GmbHwhich is a Bathroom remodeler in the city of Knittelfeld
KFZ - SERVICE MAKO Inh. Marius Kocsis,KFZ - SERVICE MAKO Inh. Marius Kocsis,The name is KFZ - SERVICE MAKO Inh. Marius Kocsiswhich is a Auto repair shop in the city of Knittelfeld
Sternthal Glas GmbH,Sternthal Glas GmbH,The name is Sternthal Glas GmbHwhich is a Contractor in the city of Knittelfeld
Auto Zach Subaru,Auto Zach Subaru,The name is Auto Zach Subaruwhich is a Subaru dealer in the city of Niklasdorf
Professional Tire and Auto Service GmbH,Professional Tire and Auto Service GmbH,The name is Professional Tire and Auto Service GmbHwhich is a Tire shop in the city of Leoben
Auto Zach Betriebsgesm.b.H,Auto Zach Betriebsgesm.b.H,The name is Auto Zach Betriebsgesm.b.Hwhich is a Auto repair shop in the city of Niklasdorf
Geigenbau Toriser,Geigenbau Toriser,The name is Geigenbau Toriserwhich is a Musical instrument repair shop in the city of Sankt Stefan ob Leoben
Hild Tortechnik GmbH,Hild Tortechnik GmbH,The name is Hild Tortechnik GmbHwhich is a Garage door supplier in the city of Edling
Uhren & Schmuck Felser,Uhren & Schmuck Felser,The name is Uhren & Schmuck Felserwhich is a Watch store in the city of Leoben
Reifen John Autowerkstatt & Reifenservice,Reifen John Autowerkstatt & Reifenservice,The name is Reifen John Autowerkstatt & Reifenservicewhich is a Auto repair shop in the city of Leoben
Kfz-Handel Grasser,Kfz-Handel Grasser,The name is Kfz-Handel Grasserwhich is a Auto repair shop in the city of 
KFZ Turbo Plus,KFZ Turbo Plus,The name is KFZ Turbo Pluswhich is a Car repair and maintenance service in the city of Knittelfeld
KFZ Reibenbacher Anton,KFZ Reibenbacher Anton,The name is KFZ Reibenbacher Antonwhich is a Car repair and maintenance service in the city of Zeltweg
"Egger & Co, Nunmehr Gmbh & Co Kg, Orthopdiemechaniker Und Bandagist","Egger & Co, Nunmehr Gmbh & Co Kg, Orthopdiemechaniker Und Bandagist","The name is Egger & Co, Nunmehr Gmbh & Co Kg, Orthopdiemechaniker Und Bandagistwhich is a Medical equipment supplier in the city of Knittelfeld"
Gartenmaschinenservice-Murtal,Gartenmaschinenservice-Murtal,The name is Gartenmaschinenservice-Murtalwhich is a Farm equipment repair service in the city of Fohnsdorf
Tischlerei Hammer,Tischlerei Hammer,The name is Tischlerei Hammerwhich is a Carpenter in the city of 
HFK Technik Zechner Wolfgang,HFK Technik Zechner Wolfgang,The name is HFK Technik Zechner Wolfgangwhich is a Car repair and maintenance service in the city of Niklasdorf
RIMO Brandschutz & Isoliertechnik GmbH,RIMO Brandschutz & Isoliertechnik GmbH,The name is RIMO Brandschutz & Isoliertechnik GmbHwhich is a Insulation contractor in the city of Knittelfeld
Bim Autoglas,Bim Autoglas,The name is Bim Autoglaswhich is a Auto glass shop in the city of Leoben
KFZ-Technik Winter,KFZ-Technik Winter,The name is KFZ-Technik Winterwhich is a Auto repair shop in the city of Trofaiach
KFZ - Technik Fritsch GmbH,KFZ - Technik Fritsch GmbH,The name is KFZ - Technik Fritsch GmbHwhich is a Car repair and maintenance service in the city of St. Michael in der Obersteiermark
MTS Zechner GmbH,MTS Zechner GmbH,The name is MTS Zechner GmbHwhich is a Mechanical contractor in the city of Knittelfeld
KFZ Leitold,KFZ Leitold,The name is KFZ Leitoldwhich is a Auto repair shop in the city of Spielberg
Mr. Hans Wechselberger,Mr. Hans Wechselberger,The name is Mr. Hans Wechselbergerwhich is a Manufacturer in the city of Feistritz b. Knittelfeld
Die Uhrenklinik,Die Uhrenklinik,The name is Die Uhrenklinikwhich is a Clock watch maker in the city of Knittelfeld
Kfz Tatschl,Kfz Tatschl,The name is Kfz Tatschlwhich is a Auto repair shop in the city of St. Stefan
Herk GmbH,Herk GmbH,The name is Herk GmbHwhich is a Auto body shop in the city of Knittelfeld
KFZ Service Station Rabl,KFZ Service Station Rabl,The name is KFZ Service Station Rablwhich is a Car repair and maintenance service in the city of Kaisersberg
Haissl Johann,Haissl Johann,The name is Haissl Johannwhich is a Auto repair shop in the city of Kammern im Liesingtal
Rothmair,Rothmair,The name is Rothmairwhich is a Auto repair shop in the city of Trofaiach
Patrick Hausberger,Patrick Hausberger,The name is Patrick Hausbergerwhich is a Auto repair shop in the city of Mautern in Steiermark
Delleweg | Ihr Spezialist fr Hagelschaden | Parkdellen | Lackschaden in der Steiermark,Delleweg | Ihr Spezialist fr Hagelschaden | Parkdellen | Lackschaden in der Steiermark,The name is Delleweg | Ihr Spezialist fr Hagelschaden | Parkdellen | Lackschaden in der Steiermarkwhich is a Auto body shop in the city of Trofaiach
"Kabel TV Eisenerz, GmbH","Kabel TV Eisenerz, GmbH","The name is Kabel TV Eisenerz, GmbHwhich is a Television station in the city of Eisenerz"
Autoservice 1A Werner Schipfer,Autoservice 1A Werner Schipfer,The name is Autoservice 1A Werner Schipferwhich is a Auto repair shop in the city of Kammern im Liesingtal
Scherzer Schuhreparatur,Scherzer Schuhreparatur,The name is Scherzer Schuhreparaturwhich is a Shoe repair shop in the city of Knittelfeld
ymm,ymm,The name is ymmwhich is a  in the city of Knittelfeld
Computerklinik,Computerklinik,The name is Computerklinikwhich is a Computer repair service in the city of Graz
Handy House,Handy House,The name is Handy Housewhich is a Cell phone store in the city of Graz
Opel Reparatur Aller Marken Hsele,Opel Reparatur Aller Marken Hsele,The name is Opel Reparatur Aller Marken Hselewhich is a  in the city of Kleinsding
KFZ - Steirer Werner,KFZ - Steirer Werner,The name is KFZ - Steirer Wernerwhich is a Auto repair shop in the city of Brnbach
Apfelhaus - Ihre Apple Service Provider in Graz und Umgebung,Apfelhaus - Ihre Apple Service Provider in Graz und Umgebung,The name is Apfelhaus - Ihre Apple Service Provider in Graz und Umgebungwhich is a Computer consultant in the city of Ligist
Fuchs-bauer PC Update OEG,Fuchs-bauer PC Update OEG,The name is Fuchs-bauer PC Update OEGwhich is a Computer service in the city of Voitsberg
Rasierer-Fachgeschft und Reparatur Friesenbichler,Rasierer-Fachgeschft und Reparatur Friesenbichler,The name is Rasierer-Fachgeschft und Reparatur Friesenbichlerwhich is a Corporate office in the city of Graz
Handwerker,Handwerker,The name is Handwerkerwhich is a Plumber in the city of Graz
KARS Karosserie Auto Reparatur Service,KARS Karosserie Auto Reparatur Service,The name is KARS Karosserie Auto Reparatur Servicewhich is a Auto repair shop in the city of Graz
tadian it,tadian it,The name is tadian itwhich is a Computer repair service in the city of Graz
HandyShop Rosental,HandyShop Rosental,The name is HandyShop Rosentalwhich is a Cell phone store in the city of Rosental an der Kainach
Handy Gold Shop,Handy Gold Shop,The name is Handy Gold Shopwhich is a Corporate office in the city of Kflach
Handybrse Graz,Handybrse Graz,The name is Handybrse Grazwhich is a Cell phone store in the city of Graz
"Derek Sonnenschutz - Handel, Montage & Reparatur","Derek Sonnenschutz - Handel, Montage & Reparatur","The name is Derek Sonnenschutz - Handel, Montage & Reparaturwhich is a Window treatment store in the city of Graz"
KFZ-Fischer Fachwerksttte,KFZ-Fischer Fachwerksttte,The name is KFZ-Fischer Fachwerkstttewhich is a Car repair and maintenance service in the city of Graz
Handy&More HandelsGmbH,Handy&More HandelsGmbH,The name is Handy&More HandelsGmbHwhich is a Telecommunications service provider in the city of Voitsberg
AMTC Fahrrad-Reparatur-Sule Self Service,AMTC Fahrrad-Reparatur-Sule Self Service,The name is AMTC Fahrrad-Reparatur-Sule Self Servicewhich is a Bicycle repair shop in the city of Graz
"FA. GARTEN-TECHNIK Rasenroboter Handel, Installation & Reparatur","FA. GARTEN-TECHNIK Rasenroboter Handel, Installation & Reparatur","The name is FA. GARTEN-TECHNIK Rasenroboter Handel, Installation & Reparaturwhich is a Lawn mower store in the city of Dobl"
Parz Franz Harmonikaerzeugung & Kurse Reparaturen,Parz Franz Harmonikaerzeugung & Kurse Reparaturen,The name is Parz Franz Harmonikaerzeugung & Kurse Reparaturenwhich is a Musical instrument store in the city of Semriach
Tischlerei - Innenarchitektur - Planungsbro - Mbeldesign - Innenausbau - Renovierung - Reparatur - Restaurierung - Sanierung - Fenster - Tr - Stiegenbau - Objekteinrichtung - Geschftseinrichtung - CNC - Lohnfertigung - Frsteile - Frstechnik Edmund Strohmaier GmbH,Tischlerei - Innenarchitektur - Planungsbro - Mbeldesign - Innenausbau - Renovierung - Reparatur - Restaurierung - Sanierung - Fenster - Tr - Stiegenbau - Objekteinrichtung - Geschftseinrichtung - CNC - Lohnfertigung - Frsteile - Frstechnik Edmund Strohmaier GmbH,The name is Tischlerei - Innenarchitektur - Planungsbro - Mbeldesign - Innenausbau - Renovierung - Reparatur - Restaurierung - Sanierung - Fenster - Tr - Stiegenbau - Objekteinrichtung - Geschftseinrichtung - CNC - Lohnfertigung - Frsteile - Frstechnik Edmund Strohmaier GmbHwhich is a Millwork shop in the city of Sankt Stefan ob Stainz
EAV Elektro- Audio- Video- Service GmbH,EAV Elektro- Audio- Video- Service GmbH,The name is EAV Elektro- Audio- Video- Service GmbHwhich is a Electronics store in the city of Voitsberg
SP Elektronik KG,SP Elektronik KG,The name is SP Elektronik KGwhich is a Electrical supply store in the city of Deutschlandsberg
Handyklinik Gratkorn,Handyklinik Gratkorn,The name is Handyklinik Gratkornwhich is a Cell phone store in the city of Gratkorn
Phone Experts Shopping City Seiereberg,Phone Experts Shopping City Seiereberg,The name is Phone Experts Shopping City Seierebergwhich is a Mobile phone repair shop in the city of Seiersberg
Gamperl KG Automaten- u Nhtechnik,Gamperl KG Automaten- u Nhtechnik,The name is Gamperl KG Automaten- u Nhtechnikwhich is a Sewing machine repair service in the city of Graz
IT Doctor,IT Doctor,The name is IT Doctorwhich is a Computer service in the city of Graz
B & S Videotechnik,B & S Videotechnik,The name is B & S Videotechnikwhich is a Video store in the city of Graz
SchiRie Kundendienst u VertriebsgesmbH,SchiRie Kundendienst u VertriebsgesmbH,The name is SchiRie Kundendienst u VertriebsgesmbHwhich is a Electronics store in the city of Graz
Elektrotechnik Hochegger GmbH,Elektrotechnik Hochegger GmbH,The name is Elektrotechnik Hochegger GmbHwhich is a Electronics repair shop in the city of Graz
Gerhard Rainer GmbH,Gerhard Rainer GmbH,The name is Gerhard Rainer GmbHwhich is a Electrical supply store in the city of Deutschlandsberg
Computer -Reparatur -Beratung und Webdesign,Computer -Reparatur -Beratung und Webdesign,The name is Computer -Reparatur -Beratung und Webdesignwhich is a Computer repair service in the city of Lannach
Computerservice Graz,Computerservice Graz,The name is Computerservice Grazwhich is a Computer repair service in the city of Graz
Huawei Mate 8 LCD Reparatur,Huawei Mate 8 LCD Reparatur,The name is Huawei Mate 8 LCD Reparaturwhich is a Repair service in the city of Graz
Reparatur Aller Fahrzeugmarken,Reparatur Aller Fahrzeugmarken,The name is Reparatur Aller Fahrzeugmarkenwhich is a  in the city of Gratwein
iPhone iPad repair Graz Handybausteine.at,iPhone iPad repair Graz Handybausteine.at,The name is iPhone iPad repair Graz Handybausteine.atwhich is a Mobile phone repair shop in the city of Graz
E.R.F. Elektro-Radio- Fernseh-Grohandel & Service- GesmbH & Co KG,E.R.F. Elektro-Radio- Fernseh-Grohandel & Service- GesmbH & Co KG,The name is E.R.F. Elektro-Radio- Fernseh-Grohandel & Service- GesmbH & Co KGwhich is a Electronics store in the city of Graz
NRC Notebook Repair Corner Graz,NRC Notebook Repair Corner Graz,The name is NRC Notebook Repair Corner Grazwhich is a Computer service in the city of Graz
Hirschmann Elektrohaushaltsgerte Servicedienst & Espresso Service Point,Hirschmann Elektrohaushaltsgerte Servicedienst & Espresso Service Point,The name is Hirschmann Elektrohaushaltsgerte Servicedienst & Espresso Service Pointwhich is a Appliance repair service in the city of Graz
VLK Elektronik - Reparaturen,VLK Elektronik - Reparaturen,The name is VLK Elektronik - Reparaturenwhich is a Electronics repair shop in the city of Graz
Apple Samsung Huawei Sony XiaomiHandy Reparatur Graz  REPARATURBOX.AT,Apple Samsung Huawei Sony XiaomiHandy Reparatur Graz  REPARATURBOX.AT,The name is Apple Samsung Huawei Sony XiaomiHandy Reparatur Graz  REPARATURBOX.ATwhich is a Electrical supply store in the city of Graz
Handyman Handy Reparatur Graz - Handyshop,Handyman Handy Reparatur Graz - Handyshop,The name is Handyman Handy Reparatur Graz - Handyshopwhich is a Cell phone store in the city of Graz
TSF Technical Service GmbH,TSF Technical Service GmbH,The name is TSF Technical Service GmbHwhich is a Appliance repair service in the city of Graz
B-tronic Hller KG,B-tronic Hller KG,The name is B-tronic Hller KGwhich is a  in the city of Steinberg bei Ligist
Euromaster,Euromaster,The name is Euromasterwhich is a Auto repair shop in the city of Deutschlandsberg
Heitronic - Rudolf Heibl,Heitronic - Rudolf Heibl,The name is Heitronic - Rudolf Heiblwhich is a Electronic parts supplier in the city of Deutschlandsberg
Uhren Michael Ullrich,Uhren Michael Ullrich,The name is Uhren Michael Ullrichwhich is a Watch store in the city of Deutschlandsberg
KFZ Service und Reparatur Gschiel Wolfgang auch fr US Fahrzeuge,KFZ Service und Reparatur Gschiel Wolfgang auch fr US Fahrzeuge,The name is KFZ Service und Reparatur Gschiel Wolfgang auch fr US Fahrzeugewhich is a Corporate office in the city of Wildon
HPH-Service,HPH-Service,The name is HPH-Servicewhich is a RV repair shop in the city of Sankt Johann im Saggautal
Klapsch Franz Reparatur u Service f Klranlagen,Klapsch Franz Reparatur u Service f Klranlagen,The name is Klapsch Franz Reparatur u Service f Klranlagenwhich is a Sewage treatment plant in the city of Unterpremsttten
Johann Fasching,Johann Fasching,The name is Johann Faschingwhich is a Satellite communication service in the city of Graz
Binder Nhmaschinen,Binder Nhmaschinen,The name is Binder Nhmaschinenwhich is a Appliance repair service in the city of Passail
SGA Landtechnik Handels- und Reparatur GmbH,SGA Landtechnik Handels- und Reparatur GmbH,The name is SGA Landtechnik Handels- und Reparatur GmbHwhich is a Steel construction company in the city of Gasen
BIKE - TECH Hans-Peter Pichler,BIKE - TECH Hans-Peter Pichler,The name is BIKE - TECH Hans-Peter Pichlerwhich is a Motorcycle repair shop in the city of Brnbach
b4s business for success Informationstechnologie- und Handelsgesellschaft mbH,b4s business for success Informationstechnologie- und Handelsgesellschaft mbH,The name is b4s business for success Informationstechnologie- und Handelsgesellschaft mbHwhich is a Computer store in the city of Rosental an der Kainach
Stadler Erich,Stadler Erich,The name is Stadler Erichwhich is a Car repair and maintenance service in the city of Voitsberg
OZ Uhren & Schmuck Oliver Zupan,OZ Uhren & Schmuck Oliver Zupan,The name is OZ Uhren & Schmuck Oliver Zupanwhich is a Watch store in the city of Rosental an der Kainach
die Fahrradhndlerin,die Fahrradhndlerin,The name is die Fahrradhndlerinwhich is a Bicycle Shop in the city of Kflach
weissracing.at,weissracing.at,The name is weissracing.atwhich is a Motorcycle parts store in the city of Voitsberg
Brotechnik Plaschzug,Brotechnik Plaschzug,The name is Brotechnik Plaschzugwhich is a Computer repair service in the city of Graz
Hacibaba Handyshop Graz Eggenberg,Hacibaba Handyshop Graz Eggenberg,The name is Hacibaba Handyshop Graz Eggenbergwhich is a Cell phone store in the city of Graz
Christian Koch,Christian Koch,The name is Christian Kochwhich is a Bicycle repair shop in the city of Maria Lankowitz
Autoshop Ruhdorfer e.U.,Autoshop Ruhdorfer e.U.,The name is Autoshop Ruhdorfer e.U.which is a Auto repair shop in the city of Deutschlandsberg
Krammer Automotive,Krammer Automotive,The name is Krammer Automotivewhich is a Car repair and maintenance service in the city of Voitsberg
Mr. Peter Wolf,Mr. Peter Wolf,The name is Mr. Peter Wolfwhich is a Electrician in the city of Deutschlandsberg
G&G KFZ - WERKSTTTE,G&G KFZ - WERKSTTTE,The name is G&G KFZ - WERKSTTTEwhich is a Auto repair shop in the city of St. Johann
ElectronicShop24,ElectronicShop24,The name is ElectronicShop24which is a Electrical supply store in the city of Kapfenberg
Fast Sonnenschutz GesmbH,Fast Sonnenschutz GesmbH,The name is Fast Sonnenschutz GesmbHwhich is a Awning supplier in the city of Foirach
HANSA-FLEX Hydraulik GmbH,HANSA-FLEX Hydraulik GmbH,The name is HANSA-FLEX Hydraulik GmbHwhich is a Hydraulic repair service in the city of Leoben
PC-Notdienst Druckerzubehr IP-berwachungskameras,PC-Notdienst Druckerzubehr IP-berwachungskameras,The name is PC-Notdienst Druckerzubehr IP-berwachungskameraswhich is a Computer service in the city of Graz
AS-Reifenhandel,AS-Reifenhandel,The name is AS-Reifenhandelwhich is a Tire shop in the city of Kapfenberg
specialis IT GmbH,specialis IT GmbH,The name is specialis IT GmbHwhich is a Computer consultant in the city of Mooskirchen
Profi Reifen- und Autoservice,Profi Reifen- und Autoservice,The name is Profi Reifen- und Autoservicewhich is a Tire shop in the city of Bruck an der Mur
EMG Elektrotechnik,EMG Elektrotechnik,The name is EMG Elektrotechnikwhich is a Engineer in the city of Deutschlandsberg
Sonnenschutzservice Kferbck,Sonnenschutzservice Kferbck,The name is Sonnenschutzservice Kferbckwhich is a Awning supplier in the city of Bruck an der Mur
Tires and automotive technology Brasser Manfred,Tires and automotive technology Brasser Manfred,The name is Tires and automotive technology Brasser Manfredwhich is a Tire shop in the city of Lanitz
Service 2000 - Finder Michael,Service 2000 - Finder Michael,The name is Service 2000 - Finder Michaelwhich is a Tire shop in the city of Kindberg
Lisec Franz,Lisec Franz,The name is Lisec Franzwhich is a Television repair service in the city of Graz
Handy Service,Handy Service,The name is Handy Servicewhich is a Mobile phone repair shop in the city of Graz
untermStrich Software GmbH,untermStrich Software GmbH,The name is untermStrich Software GmbHwhich is a Computer service in the city of Bruck an der Mur
Carmen Bruck,Carmen Bruck,The name is Carmen Bruckwhich is a Car repair and maintenance service in the city of Bruck an der Mur
rmg gerdes,rmg gerdes,The name is rmg gerdeswhich is a Furnace store in the city of Stainz
Elna Nhmaschinen,Elna Nhmaschinen,The name is Elna Nhmaschinenwhich is a Sewing machine store in the city of Bruck an der Mur
HandyShop Stainz,HandyShop Stainz,The name is HandyShop Stainzwhich is a Cell phone store in the city of Stainz
Commeo Data,Commeo Data,The name is Commeo Datawhich is a Computer support and services in the city of Kapfenberg
Computerhaus Leibnitz Franz Wesonig e.U.,Computerhaus Leibnitz Franz Wesonig e.U.,The name is Computerhaus Leibnitz Franz Wesonig e.U.which is a Computer store in the city of Leibnitz
Roschitz Automotive,Roschitz Automotive,The name is Roschitz Automotivewhich is a Car repair and maintenance service in the city of Aibl
Kiedl Glas Frauental GmbH - Glas / Sonnenschutz / Markisen / Jalousien / Rolllden / Reparaturen,Kiedl Glas Frauental GmbH - Glas / Sonnenschutz / Markisen / Jalousien / Rolllden / Reparaturen,The name is Kiedl Glas Frauental GmbH - Glas / Sonnenschutz / Markisen / Jalousien / Rolllden / Reparaturenwhich is a Glazier in the city of Frauental an der Lanitz
Reparatur-Service-Center,Reparatur-Service-Center,The name is Reparatur-Service-Centerwhich is a Auto repair shop in the city of Leibnitz
"Schedina Gnter ""Small Business Solutions""","Schedina Gnter ""Small Business Solutions""","The name is Schedina Gnter ""Small Business Solutions""which is a Software company in the city of Deutschlandsberg"
Deutschmann Elektrotechnik,Deutschmann Elektrotechnik,The name is Deutschmann Elektrotechnikwhich is a Electrician in the city of Altenmarkt
HandyShop Preding Tschemernegg,HandyShop Preding Tschemernegg,The name is HandyShop Preding Tschemerneggwhich is a Cell phone store in the city of Preding
WMR Werkzeugmaschinen-Reparatur,WMR Werkzeugmaschinen-Reparatur,The name is WMR Werkzeugmaschinen-Reparaturwhich is a Tool repair shop in the city of Stanz im Mrztal
Alfreds Garage,Alfreds Garage,The name is Alfreds Garagewhich is a Auto repair shop in the city of Oberort
Ing. Johann Nesswald,Ing. Johann Nesswald,The name is Ing. Johann Nesswaldwhich is a Peugeot dealer in the city of Voitsberg
Gigerl & Kollmann Schweitechnik OG,Gigerl & Kollmann Schweitechnik OG,The name is Gigerl & Kollmann Schweitechnik OGwhich is a Welding supply store in the city of Brnbach
Altteile Reparatur,Altteile Reparatur,The name is Altteile Reparaturwhich is a  in the city of Graz
Stadtwerke GmbH Voitsberg,Stadtwerke GmbH Voitsberg,The name is Stadtwerke GmbH Voitsbergwhich is a Energy equipment and solutions in the city of Voitsberg
PAIL KFZ-Technik,PAIL KFZ-Technik,The name is PAIL KFZ-Technikwhich is a Corporate office in the city of Rosental an der Kainach
hks - haus & kchenservice gmbh,hks - haus & kchenservice gmbh,The name is hks - haus & kchenservice gmbhwhich is a Kitchen remodeler in the city of Krottendorf bei Ligist
KFZ-Technikzentrum Stadtwerke Leoben,KFZ-Technikzentrum Stadtwerke Leoben,The name is KFZ-Technikzentrum Stadtwerke Leobenwhich is a Car inspection station in the city of Leoben
Auto Jumper Inh Egon Ganotz,Auto Jumper Inh Egon Ganotz,The name is Auto Jumper Inh Egon Ganotzwhich is a Auto repair shop in the city of Brnbach
Reimer EDV,Reimer EDV,The name is Reimer EDVwhich is a Computer support and services in the city of Graz
"KFZ Leitner, Franz Leitner GmbH","KFZ Leitner, Franz Leitner GmbH","The name is KFZ Leitner, Franz Leitner GmbHwhich is a Auto repair shop in the city of Trofaiach"
Fensterservice WIPH GmbH,Fensterservice WIPH GmbH,The name is Fensterservice WIPH GmbHwhich is a Window supplier in the city of Frauental an der Lanitz
KFZ Bretterklieber Max,KFZ Bretterklieber Max,The name is KFZ Bretterklieber Maxwhich is a Car repair and maintenance service in the city of Sankt Stefan ob Stainz
Fensterservice Langmann,Fensterservice Langmann,The name is Fensterservice Langmannwhich is a  in the city of Bad Gams
3shop,3shop,The name is 3shopwhich is a Telecommunications service provider in the city of Leoben
Drei Shop,Drei Shop,The name is Drei Shopwhich is a Cell phone store in the city of Kapfenberg
Gandl Franz Radio-Fernseh- Satelliten Meisterservice,Gandl Franz Radio-Fernseh- Satelliten Meisterservice,The name is Gandl Franz Radio-Fernseh- Satelliten Meisterservicewhich is a Electronics store in the city of Kapfenberg
Autoklinik Schneck,Autoklinik Schneck,The name is Autoklinik Schneckwhich is a Auto repair shop in the city of Sankt Lorenzen im Mrztal
re.use - Bruck an der Mur,re.use - Bruck an der Mur,The name is re.use - Bruck an der Murwhich is a Bicycle repair shop in the city of Bruck an der Mur
Edler Reifen GmbH & CO KG Runderneuerungswerk,Edler Reifen GmbH & CO KG Runderneuerungswerk,The name is Edler Reifen GmbH & CO KG Runderneuerungswerkwhich is a Tire shop in the city of Bruck an der Mur
Zerry Computers e.U.,Zerry Computers e.U.,The name is Zerry Computers e.U.which is a Computer store in the city of Kapfenberg
Expert Margreiter,Expert Margreiter,The name is Expert Margreiterwhich is a Electrical supply store in the city of Mariazell
Erste sterreichische Tipi-Werkstatt,Erste sterreichische Tipi-Werkstatt,The name is Erste sterreichische Tipi-Werkstattwhich is a Craft store in the city of Soboth
handyattacke.at,handyattacke.at,The name is handyattacke.atwhich is a Cell phone store in the city of Gralla
Kleingertespezialist Manuel Malli,Kleingertespezialist Manuel Malli,The name is Kleingertespezialist Manuel Malliwhich is a Small appliance repair service in the city of Gro Sankt Florian
HandyShop Deutschlandsberg,HandyShop Deutschlandsberg,The name is HandyShop Deutschlandsbergwhich is a Telecommunications service provider in the city of Deutschlandsberg
Maschinentechnik Theissl,Maschinentechnik Theissl,The name is Maschinentechnik Theisslwhich is a Machining manufacturer in the city of Wielfresen
KMS - more than just service | Koinegg Marco,KMS - more than just service | Koinegg Marco,The name is KMS - more than just service | Koinegg Marcowhich is a Engineer in the city of Gleinsttten
JAM-Tech. GmbH Bike & Sports,JAM-Tech. GmbH Bike & Sports,The name is JAM-Tech. GmbH Bike & Sportswhich is a Bicycle Shop in the city of Eibiswald
"Montageservice Gigerl - Jalousien, Textile Beschattung, Insektenschutz, Rollden & Markisen","Montageservice Gigerl - Jalousien, Textile Beschattung, Insektenschutz, Rollden & Markisen","The name is Montageservice Gigerl - Jalousien, Textile Beschattung, Insektenschutz, Rollden & Markisenwhich is a Awning supplier in the city of Kerschbaum"
Miele Center Resch,Miele Center Resch,The name is Miele Center Reschwhich is a Electronics store in the city of Gro Sankt Florian
Telering Shop,Telering Shop,The name is Telering Shopwhich is a Telecommunications contractor in the city of Kapfenberg
Gallaun Teleservice KG,Gallaun Teleservice KG,The name is Gallaun Teleservice KGwhich is a Electronics store in the city of Bruck an der Mur
Plassnig EDV Consulting KEG,Plassnig EDV Consulting KEG,The name is Plassnig EDV Consulting KEGwhich is a Computer service in the city of Bruck an der Mur
Manfred Kohlwei,Manfred Kohlwei,The name is Manfred Kohlweiwhich is a  in the city of Leoben
Adi's KFZ-Elektrik & Technik,Adi's KFZ-Elektrik & Technik,The name is Adi's KFZ-Elektrik & Technikwhich is a Car repair and maintenance service in the city of Kapfenberg
Recom Computersysteme,Recom Computersysteme,The name is Recom Computersystemewhich is a Computer store in the city of Bruck an der Mur
Elektro Friedl,Elektro Friedl,The name is Elektro Friedlwhich is a  in the city of Leoben
HandyBruck,HandyBruck,The name is HandyBruckwhich is a Electrical supply store in the city of Bruck an der Mur
Computerstudio Ulrike Jungwirth,Computerstudio Ulrike Jungwirth,The name is Computerstudio Ulrike Jungwirthwhich is a Computer repair service in the city of Bruck an der Mur
Handybrse Kapfenberg,Handybrse Kapfenberg,The name is Handybrse Kapfenbergwhich is a Mobile phone repair shop in the city of Kapfenberg
Handy Multimedia Shop,Handy Multimedia Shop,The name is Handy Multimedia Shopwhich is a Repair service in the city of Deutschlandsberg
Traub Informations Technologien,Traub Informations Technologien,The name is Traub Informations Technologienwhich is a Computer consultant in the city of Stainz
GuMan KFZ Technik,GuMan KFZ Technik,The name is GuMan KFZ Technikwhich is a Auto repair shop in the city of Schwanberg
Eudora Elin Hotpoint Verkauf und Service Johannes Barl,Eudora Elin Hotpoint Verkauf und Service Johannes Barl,The name is Eudora Elin Hotpoint Verkauf und Service Johannes Barlwhich is a Appliance repair service in the city of Gro Sankt Florian
EDV Dienstleistungen Poscharnik,EDV Dienstleistungen Poscharnik,The name is EDV Dienstleistungen Poscharnikwhich is a Computer repair service in the city of Wies
myhandytrend.at,myhandytrend.at,The name is myhandytrend.atwhich is a Cell phone store in the city of Deutschlandsberg
Akkudoktor,Akkudoktor,The name is Akkudoktorwhich is a Battery store in the city of Deutschlandsberg
Automatis,Automatis,The name is Automatiswhich is a Computer support and services in the city of Deutschlandsberg
Handy Welt68,Handy Welt68,The name is Handy Welt68which is a Electrical supply store in the city of Deutschlandsberg
connect information technology GmbH,connect information technology GmbH,The name is connect information technology GmbHwhich is a Computer service in the city of Deutschlandsberg
Fels Automotive Services GmbH,Fels Automotive Services GmbH,The name is Fels Automotive Services GmbHwhich is a Car repair and maintenance service in the city of Eibiswald
Stiegler EDV-Dienstleistungen,Stiegler EDV-Dienstleistungen,The name is Stiegler EDV-Dienstleistungenwhich is a Computer repair service in the city of Greisdorf
IT Box e.U.,IT Box e.U.,The name is IT Box e.U.which is a Computer repair service in the city of Deutschlandsberg
MF EDV-Beratung,MF EDV-Beratung,The name is MF EDV-Beratungwhich is a Computer consultant in the city of Eibiswald
Die Handwerker,Die Handwerker,The name is Die Handwerkerwhich is a Handicraft in the city of Voitsberg
Harald Nestler,Harald Nestler,The name is Harald Nestlerwhich is a Auto repair shop in the city of Edelschrott
Moerth Karosserietechnik,Moerth Karosserietechnik,The name is Moerth Karosserietechnikwhich is a Car repair and maintenance service in the city of Voitsberg
Karl Wagner Elektromaschinenbau Gmbh,Karl Wagner Elektromaschinenbau Gmbh,The name is Karl Wagner Elektromaschinenbau Gmbhwhich is a Electric motor repair shop in the city of Voitsberg
Expert Degold,Expert Degold,The name is Expert Degoldwhich is a Electrical supply store in the city of Murau
KFZ-Eggmayr GmbH,KFZ-Eggmayr GmbH,The name is KFZ-Eggmayr GmbHwhich is a Car repair and maintenance service in the city of Sankt Martin am Grimming
BINDER OG - Juwelier & Uhrmacher,BINDER OG - Juwelier & Uhrmacher,The name is BINDER OG - Juwelier & Uhrmacherwhich is a Watch store in the city of Liezen
Radio Soder,Radio Soder,The name is Radio Soderwhich is a Electrical supply store in the city of Bad Aussee
Ressler KFZ-Technik GmbH,Ressler KFZ-Technik GmbH,The name is Ressler KFZ-Technik GmbHwhich is a Car repair and maintenance service in the city of Peterdorf
Gota Dach Spenglerei,Gota Dach Spenglerei,The name is Gota Dach Spenglereiwhich is a Contractor in the city of Bad Aussee
nc digitalis GmbH,nc digitalis GmbH,The name is nc digitalis GmbHwhich is a Computer store in the city of Graz
